rank,layer,head,accuracy,example_problem_1,example_prompt_1,example_problem_2,example_prompt_2,example_problem_3,example_prompt_3
1.0,2.0,6.0,0.9516129032258065,zero,"I would like you to implement a module named TopModule with the following
interface. All input and o...",m2014_q4i,"I would like you to implement a module named TopModule with the following
interface. All input and o...",step_one,"I would like you to implement a module named TopModule with the following
interface. All input and o..."
2.0,4.0,16.0,0.9516129032258065,zero,"I would like you to implement a module named TopModule with the following
interface. All input and o...",m2014_q4i,"I would like you to implement a module named TopModule with the following
interface. All input and o...",step_one,"I would like you to implement a module named TopModule with the following
interface. All input and o..."
3.0,1.0,18.0,0.9516129032258065,zero,"I would like you to implement a module named TopModule with the following
interface. All input and o...",m2014_q4i,"I would like you to implement a module named TopModule with the following
interface. All input and o...",step_one,"I would like you to implement a module named TopModule with the following
interface. All input and o..."
4.0,0.0,5.0,0.9354838709677419,zero,"I would like you to implement a module named TopModule with the following
interface. All input and o...",m2014_q4i,"I would like you to implement a module named TopModule with the following
interface. All input and o...",step_one,"I would like you to implement a module named TopModule with the following
interface. All input and o..."
5.0,5.0,8.0,0.9354838709677419,zero,"I would like you to implement a module named TopModule with the following
interface. All input and o...",m2014_q4i,"I would like you to implement a module named TopModule with the following
interface. All input and o...",step_one,"I would like you to implement a module named TopModule with the following
interface. All input and o..."
6.0,5.0,10.0,0.9354838709677419,zero,"I would like you to implement a module named TopModule with the following
interface. All input and o...",m2014_q4i,"I would like you to implement a module named TopModule with the following
interface. All input and o...",step_one,"I would like you to implement a module named TopModule with the following
interface. All input and o..."
7.0,2.0,21.0,0.9354838709677419,zero,"I would like you to implement a module named TopModule with the following
interface. All input and o...",m2014_q4i,"I would like you to implement a module named TopModule with the following
interface. All input and o...",step_one,"I would like you to implement a module named TopModule with the following
interface. All input and o..."
8.0,4.0,14.0,0.9354838709677419,zero,"I would like you to implement a module named TopModule with the following
interface. All input and o...",m2014_q4i,"I would like you to implement a module named TopModule with the following
interface. All input and o...",step_one,"I would like you to implement a module named TopModule with the following
interface. All input and o..."
9.0,3.0,7.0,0.9354838709677419,zero,"I would like you to implement a module named TopModule with the following
interface. All input and o...",m2014_q4i,"I would like you to implement a module named TopModule with the following
interface. All input and o...",step_one,"I would like you to implement a module named TopModule with the following
interface. All input and o..."
10.0,1.0,0.0,0.9354838709677419,zero,"I would like you to implement a module named TopModule with the following
interface. All input and o...",m2014_q4i,"I would like you to implement a module named TopModule with the following
interface. All input and o...",step_one,"I would like you to implement a module named TopModule with the following
interface. All input and o..."
11.0,1.0,14.0,0.9354838709677419,zero,"I would like you to implement a module named TopModule with the following
interface. All input and o...",m2014_q4i,"I would like you to implement a module named TopModule with the following
interface. All input and o...",step_one,"I would like you to implement a module named TopModule with the following
interface. All input and o..."
12.0,0.0,7.0,0.9354838709677419,zero,"I would like you to implement a module named TopModule with the following
interface. All input and o...",m2014_q4i,"I would like you to implement a module named TopModule with the following
interface. All input and o...",step_one,"I would like you to implement a module named TopModule with the following
interface. All input and o..."
13.0,1.0,17.0,0.9354838709677419,zero,"I would like you to implement a module named TopModule with the following
interface. All input and o...",m2014_q4i,"I would like you to implement a module named TopModule with the following
interface. All input and o...",step_one,"I would like you to implement a module named TopModule with the following
interface. All input and o..."
14.0,4.0,20.0,0.9193548387096774,zero,"I would like you to implement a module named TopModule with the following
interface. All input and o...",m2014_q4i,"I would like you to implement a module named TopModule with the following
interface. All input and o...",step_one,"I would like you to implement a module named TopModule with the following
interface. All input and o..."
15.0,2.0,16.0,0.9193548387096774,zero,"I would like you to implement a module named TopModule with the following
interface. All input and o...",m2014_q4i,"I would like you to implement a module named TopModule with the following
interface. All input and o...",step_one,"I would like you to implement a module named TopModule with the following
interface. All input and o..."
16.0,5.0,22.0,0.9193548387096774,zero,"I would like you to implement a module named TopModule with the following
interface. All input and o...",m2014_q4i,"I would like you to implement a module named TopModule with the following
interface. All input and o...",step_one,"I would like you to implement a module named TopModule with the following
interface. All input and o..."
17.0,2.0,14.0,0.9193548387096774,zero,"I would like you to implement a module named TopModule with the following
interface. All input and o...",m2014_q4i,"I would like you to implement a module named TopModule with the following
interface. All input and o...",step_one,"I would like you to implement a module named TopModule with the following
interface. All input and o..."
18.0,5.0,9.0,0.9193548387096774,zero,"I would like you to implement a module named TopModule with the following
interface. All input and o...",m2014_q4i,"I would like you to implement a module named TopModule with the following
interface. All input and o...",step_one,"I would like you to implement a module named TopModule with the following
interface. All input and o..."
19.0,9.0,18.0,0.9193548387096774,zero,"I would like you to implement a module named TopModule with the following
interface. All input and o...",m2014_q4i,"I would like you to implement a module named TopModule with the following
interface. All input and o...",step_one,"I would like you to implement a module named TopModule with the following
interface. All input and o..."
20.0,2.0,27.0,0.9193548387096774,zero,"I would like you to implement a module named TopModule with the following
interface. All input and o...",m2014_q4i,"I would like you to implement a module named TopModule with the following
interface. All input and o...",step_one,"I would like you to implement a module named TopModule with the following
interface. All input and o..."
